1	BondId
2	BOND-9CF02D7E
3	BOND-39BB228F
4	BOND-714C9C55
5	BOND-A4D01D21
6	BOND-54A4C1B9
7	BOND-EDA1607F
8	BOND-93E80E96
9	BOND-356EE2CA
10	BOND-B4C1AB67
11	BOND-FD231179
12	BOND-8AA6D855
13	BOND-32CF5D96
14	BOND-A7591D5D
15	BOND-076986EF
16	BOND-62A928EF
17	BOND-8FED6A0D
18	BOND-736A1509
19	BOND-94E470A0
20	BOND-5CEE11A6
21	BOND-DE306B11
22	BOND-A4C245FE
23	BOND-6F294929
24	BOND-D0552B7A
25	BOND-B738CF50
26	BOND-EBBBFA03
27	BOND-650DDF55
28	BOND-3C5AD2D2
29	BOND-78523185
30	BOND-5872FE3F
31	BOND-EDB01054
32	BOND-4C11323C
33	BOND-7046FE78
34	BOND-E5CF9C92
35	BOND-9D71553B
36	BOND-55D71AA6
37	BOND-8D9F9BB0
38	BOND-362B5FB0
39	BOND-CAFA3FE7
40	BOND-40D937E9
41	BOND-E4D9173C
42	BOND-8CD27D88
43	BOND-B972309B
44	BOND-850E9053
45	BOND-E0FEED11
46	BOND-C53342A6
47	BOND-A5E1A3E7
48	BOND-2C12EE8F
49	BOND-21FF5113
50	BOND-0E3ADFBC
51	BOND-6AE638CE
52	BOND-74542E5E
53	BOND-4F30EE71
54	BOND-E6DF89B3
55	BOND-6FB5C406
56	BOND-663AFCBC
57	BOND-BC70F354
58	BOND-A7CC5E38
59	BOND-10574FA9
60	BOND-2B801BBC
61	BOND-F251303C
62	BOND-444DE0B7
63	BOND-0FB996BF
64	BOND-A340C5E4
65	BOND-32221306
66	BOND-B0E309A8
67	BOND-F175D96B
68	BOND-63D43F84
69	BOND-66519233
70	BOND-02E4DFB5
71	BOND-BA5ED923
72	BOND-2A52F3C6
73	BOND-7E3F2D5E
74	BOND-B6226F85
75	BOND-8EC28357
76	BOND-300FD1EA
77	BOND-C7346B84
78	BOND-09109185
79	BOND-5728A723
80	BOND-D282EDFC
81	BOND-4F70C0D4
82	BOND-6E782677
83	BOND-2148B24F
84	BOND-3FC42EBF
85	BOND-FE90DFEC
86	BOND-EF8115F1
87	BOND-97E6388A
88	BOND-7311BAB9
89	BOND-8F2061D5
90	BOND-2683DECB
91	BOND-947A5403
92	BOND-57C30EE3
93	BOND-BC715A61
94	BOND-C6D24FB6
95	BOND-8ACE7771
96	BOND-8EAE7503
97	BOND-AA0D6A66
98	BOND-41244A0E
99	BOND-83D7839F
100	BOND-70FD7369
101	BOND-8ED81BD1
102	BOND-2CAADC43
103	BOND-92868367
104	BOND-2AEE3713
105	BOND-01C50AAA
106	BOND-D663DF67
107	BOND-FC56F655
108	BOND-81144C21
109	BOND-D7D99F9A
110	BOND-6B75A231
111	BOND-206647A3
112	BOND-D110912D
113	BOND-CF078515
114	BOND-13015156
115	BOND-6CBC03B7
116	BOND-A592E7AD
117	BOND-7D996507
118	BOND-2F64328E
119	BOND-17FE927C
120	BOND-14A3382B
121	BOND-29BB7A70
122	BOND-48393C67
123	BOND-19079E69
124	BOND-3408A73B
125	BOND-EDFCD2E6
126	BOND-8AA88C34
127	BOND-CFE6964A
128	BOND-B26E75ED
129	BOND-803696A5
130	BOND-25FD2697
131	BOND-E189BA1F
132	BOND-BE4812D9
133	BOND-48179F85
134	BOND-42D409FD
135	BOND-F193F53A
136	BOND-D52B3B58
137	BOND-31F45E22
138	BOND-2D9EE854
139	BOND-90924345
140	BOND-54320949
141	BOND-23E8BF2A
142	BOND-5CE3A956
143	BOND-8E8B128D
144	BOND-B39B9AA8
145	BOND-4F53DB76
146	BOND-0338D71D
147	BOND-97183BF9
148	BOND-767F4F1C
149	BOND-714F8E7D
150	BOND-6B59C1A0
151	BOND-5449258A
152	BOND-F9AD45C6
153	BOND-D4A0A434
154	BOND-00125AC1
155	BOND-AD70EF31
156	BOND-4494F271
157	BOND-3F7D5266
158	BOND-002B9C0A
159	BOND-C8255AAB
160	BOND-F3B4B712
161	BOND-EFE93D97
162	BOND-826DAE4A
163	BOND-2A40BFDA
164	BOND-A788066D
165	BOND-8A030045
166	BOND-A5656DF5
167	BOND-F746F08E
168	BOND-B0C33889
169	BOND-51739EA0
170	BOND-DA97FEE4
171	BOND-2351F9C4
172	BOND-4900B96A
173	BOND-768EB085
174	BOND-38EECED0
175	BOND-85E0F4A6
176	BOND-1808B4C2
177	BOND-49FBC961
178	BOND-D06561BB
179	BOND-59B63B86
180	BOND-58A48BD7
181	BOND-C3076508
182	BOND-4D90F1A0
183	BOND-0D1213CC
184	BOND-BC647E09
185	BOND-A4A63085
186	BOND-F23077CD
187	BOND-05DEE6AA
188	BOND-3A577BAE
189	BOND-EE96A192
190	BOND-2E9093F7
191	BOND-B011BC53
192	BOND-549E48F0
193	BOND-D75B6AED
194	BOND-6203B2D4
195	BOND-2BB857F6
196	BOND-0EAD4A15
197	BOND-525BEC3C
198	BOND-7BA7596A
199	BOND-D8155881
200	BOND-08890D4F
201	BOND-05D4B833
202	BOND-D11B2231
203	BOND-0F834087
204	BOND-C18120A0
205	BOND-31F6C870
206	BOND-F9B83CCC
207	BOND-777979C4
208	BOND-B9F1360D
209	BOND-8B148EA4
210	BOND-13C65C19
211	BOND-3EB4D47A
212	BOND-9C8E8572
213	BOND-DFED6974
214	BOND-FE5BD5EC
215	BOND-F931131D
216	BOND-37CC78EA
217	BOND-C794FFED
218	BOND-54BB442E
219	BOND-C2F179B8
220	BOND-730097DD
221	BOND-C27E4E6B
222	BOND-1F029FCF
223	BOND-1313FB2D
224	BOND-BF18D404
225	BOND-FA3BFFCE
226	BOND-F35573C2
227	BOND-0849CB23
228	BOND-9D10CB13
229	BOND-7C2FCDD3
230	BOND-DF67AAEA
231	BOND-728FA094
232	BOND-70FD9C45
233	BOND-5FA21B7A
234	BOND-8E807841
235	BOND-45F1228C
236	BOND-211563A5
237	BOND-3F517544
238	BOND-75A8864E
239	BOND-B1BC4BAD
240	BOND-1DAFBAEF
241	BOND-1353C9BC
242	BOND-B9A09D2F
243	BOND-13429068
244	BOND-5FFA0802
245	BOND-1F85C8E3
246	BOND-57582DAA
247	BOND-7B376054
248	BOND-615B1551
249	BOND-7E567261
250	BOND-AD4C403F
251	BOND-35BAFDDC
252	BOND-062DADA0
253	BOND-36E602E3
254	BOND-27AA730E
255	BOND-956BADCE
256	BOND-1AA07B5E
257	BOND-14408384
258	BOND-038E668C
259	BOND-722357A2
260	BOND-4914D9EB
261	BOND-86C265D0
262	BOND-7265BDA2
263	BOND-43544B5E
264	BOND-DF6AE9B5
265	BOND-7288747D
266	BOND-1691D83F
267	BOND-40C54EF6
268	BOND-7C4A5ED3
269	BOND-55FF0F75
270	BOND-578DDE82
271	BOND-A0017F68
272	BOND-C91A2579
273	BOND-36E39936
274	BOND-4BEC995B
275	BOND-D8E883AE
276	BOND-C1CC3CB9
277	BOND-6562939E
278	BOND-9A37196C
279	BOND-A7C8227C
280	BOND-B874A558
281	BOND-1593B1D9
282	BOND-31BDF80E
283	BOND-297CF385
284	BOND-DF8946CA
285	BOND-C3BA546D
286	BOND-8060DC51
287	BOND-7C972FDF
288	BOND-CC475C4D
289	BOND-C3415701
290	BOND-354C8BF4
291	BOND-860AEACB
292	BOND-0FDC55AA
293	BOND-38FBFE04
294	BOND-80FC970B
295	BOND-9663751C
296	BOND-4C871ECF
297	BOND-D30CB9D7
298	BOND-32EF14C9
299	BOND-82723190
300	BOND-08BCCAE9
301	BOND-6E06822F
302	BOND-2235C55D
303	BOND-0DA7157B
304	BOND-DB79A741
305	BOND-D4E7FE26
306	BOND-C7157F39
307	BOND-825EE687
308	BOND-5885344F
309	BOND-76768EB2
310	BOND-4B0B704C
311	BOND-E3E7B394
312	BOND-2A20ED9F
313	BOND-58C552F1
314	BOND-B47F4855
315	BOND-A29D3B98
316	BOND-A5CC2CCD
317	BOND-6506F8AC
318	BOND-621637F8
319	BOND-AB59A26A
320	BOND-EC073C0C
321	BOND-93E00BDE
322	BOND-56DC828D
323	BOND-C7662AFB
324	BOND-32777EFB
325	BOND-5B3BF1FF
326	BOND-27BFD8B0
327	BOND-9E601004
328	BOND-1BF24CCB
329	BOND-33D2D740
330	BOND-28121EC3
331	BOND-75656677
332	BOND-309E4FC6
333	BOND-E9968755
334	BOND-988AEDF0
335	BOND-1DFA7318
336	BOND-F363DF47
337	stqjoh3j
338	7zpzdos1
339	BOND-A0D3736A
340	BOND-0A095CEE
341	BOND-5FE46F29
342	BOND-9291D055
343	BOND-F501EBBB
344	BOND-F5583C5A
345	BOND-2D2D7852
346	BOND-185D5872
347	BOND-054F4C11
348	BOND-B24F6072
349	BOND-7450EA5E
350	BOND-FEEE1BC4
351	BOND-FBBA29CF
352	BOND-ECD8434C
353	BOND-8115F106
354	BOND-A2823473
355	BOND-1D54ABCD
356	BOND-62683DEC
357	BOND-7C30EE3E
358	BOND-FFBC715A
359	BOND-8C9DE13D
360	BOND-ED1558AC
361	BOND-437C9201
362	BOND-E3AA0D6A
363	BOND-EA54BC93
364	BOND-51664124
365	BOND-978805D8
366	BOND-5B8ED81B
367	BOND-5F2CAADC
368	BOND-83678FBB
369	BOND-3A414401
370	BOND-A13460AA
371	BOND-D4FB5AC4
372	BOND-33AF8910
373	BOND-FC56F655
374	BOND-81144C21
375	BOND-96D86212
376	BOND-5FF296BA
377	BOND-A72E7206
378	BOND-A2669D7E
379	BOND-9F72CB26
380	BOND-D110912D
381	BOND-515E8A9B
382	BOND-156325E7
383	BOND-4E6CBC03
384	BOND-044E1BEC
385	BOND-198C013A
386	BOND-ADF8CCCB
387	BOND-7D996507
388	BOND-2F64328E
389	BOND-17FE927C
390	BOND-14A3382B
391	BOND-29BB7A70
392	BOND-48393C67
393	BOND-19079E69
394	BOND-3408A73B
395	BOND-EDFCD2E6
396	BOND-8AA88C34
397	BOND-CFE6964A
398	BOND-96A506B1
399	BOND-702F9337
400	BOND-BA1FE230
401	BOND-9EDA25BB
402	BOND-D409FD4A
403	BOND-3A7B7CFD
404	BOND-B58B5B41
405	BOND-F16431F4
406	BOND-0DFEF936
407	BOND-C9092434
408	BOND-3209495C
409	BOND-1D61ECC8
410	BOND-B123E8BF
411	BOND-E9AD3625
412	BOND-9D66AB87
413	BOND-8E8B128D
414	BOND-B39B9AA8
415	BOND-4F53DB76
416	BOND-71D67F81
417	BOND-97183BF9
418	BOND-767F4F1C
419	BOND-E1B8D605
420	BOND-51565880
421	BOND-61425449
422	BOND-EDACC691
423	BOND-27B4870C
424	BOND-A0A434BC
425	BOND-AC1EEAFD
426	BOND-AD70EF31
427	BOND-4494F271
428	BOND-3F7D5266
429	BOND-002B9C0A
430	BOND-C8255AAB
431	BOND-F3B4B712
432	BOND-EFE93D97
433	BOND-CAA53216
434	BOND-57E87EEE
435	BOND-C080D11C
436	BOND-C3388941
437	BOND-7A8A9D0D
438	BOND-739EA041
439	BOND-96ACF445
440	BOND-D22D768E
441	BOND-96E00F85
442	BOND-4C238156
443	BOND-61BBDAA0
444	BOND-999D4F41
445	BOND-75983BCD
446	BOND-58A48BD7
447	BOND-508FE822
448	BOND-B6E1D40D
449	BOND-C5C37CBC
450	BOND-A4A63085
451	BOND-34C08E0F
452	BOND-47DD0E03
453	BOND-3293EE96
454	BOND-EF9021E2
455	BOND-F7C36A9A
456	BOND-B011BC53
457	BOND-549E48F0
458	BOND-D75B6AED
459	BOND-03B2D4BF
460	BOND-B857F6C1
461	BOND-4486E074
462	BOND-AD4A15BF
463	BOND-03921FF3
464	BOND-07708890
465	BOND-05D4B833
466	BOND-D11B2231
467	BOND-0F834087
468	BOND-C18120A0
469	BOND-9B83CCC3
470	BOND-777979C4
471	BOND-B9B04299
472	BOND-507513C6
473	BOND-D0393EB4
474	BOND-FE5BD5EC
475	BOND-F931131D
476	BOND-C794FFED
477	BOND-54BB442E
478	BOND-C2F179B8
479	BOND-730097DD
480	BOND-EA0DE1F0
481	BOND-BF18D404
482	BOND-3BFFCE0F
483	BOND-B138CB50
484	BOND-3928B61A
485	BOND-DD31EDA6
486	BOND-CB728FA0
487	BOND-9C45061C
488	BOND-A5C962F5
489	BOND-F843B27B
490	BOND-C2858C5D
491	BOND-1563A5D2
492	BOND-875A8864
493	BOND-BC4BADA5
494	BOND-301C1DAF
495	BOND-39DC19D1
496	BOND-13429068
497	BOND-5FFA0802
498	BOND-14128575
499	BOND-615B1551
500	BOND-7E567261
501	BOND-AD4C403F
502	BOND-35BAFDDC
503	BOND-DA076D05
504	BOND-36E602E3
505	BOND-27AA730E
506	BOND-AB20B1AA
507	BOND-B5259722
508	BOND-36F0A155
509	BOND-9EB3448D
510	BOND-6C265D00
511	BOND-74A24ADA
512	BOND-265BDA22
513	BOND-86326D33
514	BOND-643544B5
515	BOND-747D1EE2
516	BOND-0CE076EA
517	BOND-8C55FF0F
518	BOND-41DFC678
519	BOND-BFEC34C4
520	BOND-488657C8
521	BOND-7F685E65
522	BOND-3F294C91
523	BOND-CF92A227
524	BOND-BEC995BF
525	BOND-05CF444D
526	BOND-6BED0375
527	BOND-8C6C6B62
528	BOND-C34BA73D
529	BOND-874A5587
530	BOND-31BDF80E
531	BOND-F8946CAA
532	BOND-8E931AA3
533	BOND-DC51B68C
534	BOND-F7D15DD5
535	BOND-0AEACB7D
536	BOND-ACCB3E33
537	BOND-10FDC55A
538	BOND-0FC970BB
539	BOND-900FB966
540	BOND-230C04C8
541	BOND-F346D409
542	BOND-CB9D7E06
543	BOND-D32EF14C
544	BOND-867EDFEF
545	BOND-82723190
546	BOND-A06A08BC
547	BOND-C19BD7E6
548	BOND-E06822F0
549	BOND-520074F3
550	BOND-52235C55
551	BOND-B0DA7157
552	BOND-E96CC3FB
553	BOND-2DB79A74
554	BOND-AD4E7FE2
555	BOND-5C7157F3
556	BOND-A825EE68
557	BOND-E5885344
558	BOND-B76768EB
559	BOND-D4B0B704
560	BOND-7E3E7B39
561	BOND-92A20ED9
562	BOND-B58C552F
563	BOND-2B47F485
564	BOND-FA29D3B9
565	BOND-8A5CC2CC
566	BOND-76506F8A
567	BOND-21637F80
568	BOND-B59A26AC
569	BOND-C073C0CA
570	BOND-3E00BDE1
571	BOND-6DC828D1
572	BOND-7662AFBF
573	BOND-2777EFB5
574	BOND-B3BF1FF7
575	BOND-8E027BFD
576	BOND-329909E6
577	BOND-4D01BF24
578	BOND-F4433D2D
579	BOND-B5628121
580	qnjjztr6
581	hwsqmxus
582	m7j7koq1
583	7hb6sj2b
584	ihcgmvrd
585	ub4u2kif
586	86ej5o5l
587	y48g5cn7